Month,EligibleOrders,LateOrders,LateRate
2015-01,245,121,0.49387755102040815
2015-02,205,106,0.5170731707317073
2015-03,217,109,0.5023041474654378
2015-04,219,107,0.4885844748858447
2015-05,245,118,0.4816326530612245
2015-06,298,142,0.47651006711409394
2015-07,298,158,0.5302013422818792
2015-08,295,163,0.5525423728813559
2015-09,298,164,0.5503355704697986
2015-10,297,159,0.5353535353535354
2015-11,266,122,0.45864661654135336
2015-12,284,138,0.4859154929577465
2016-01,272,138,0.5073529411764706
2016-02,239,130,0.5439330543933054
2016-03,247,136,0.5506072874493927
2016-04,239,120,0.502092050209205
2016-05,248,140,0.5645161290322581
2016-06,187,100,0.5347593582887701
2016-07,221,110,0.497737556561086
2016-08,216,122,0.5648148148148148
2016-09,263,127,0.4828897338403042
2016-10,271,146,0.5387453874538746
2016-11,258,126,0.4883720930232558
2016-12,254,142,0.5590551181102362
2017-01,223,109,0.48878923766816146
2017-02,229,121,0.5283842794759825
2017-03,239,115,0.4811715481171548
2017-04,211,112,0.5308056872037915
2017-05,213,94,0.4413145539906103
2017-06,223,112,0.5022421524663677
2017-07,244,120,0.4918032786885246
2017-08,264,148,0.5606060606060606
2017-09,271,136,0.5018450184501845
2017-10,240,139,0.5791666666666667
2017-11,194,109,0.5618556701030928
2017-12,261,150,0.5747126436781609
2018-01,315,200,0.6349206349206349
